t,xt,yt,vt,at
0.00,7.0710678118654755,-7.071067811865475,-0.0,-7.853981633974483
0.10,7.035741925769524,-7.106218090796887,-0.7840898208011107,-7.814744439821726
0.20,6.930117232058353,-7.209263148888926,-1.560345275298412,-7.6974249024373345
0.30,6.755249097756645,-7.373371659373888,-2.321010275586505,-7.503195239858172
0.40,6.512884747458621,-7.588302330977651,-3.0584845084249297,-7.233996130668941
0.50,6.205445805637456,-7.841711697920072,-3.765399375055735,-6.892517323383262
0.60,5.8360041005740255,-8.120409850375975,-4.434691615806534,-6.48217076136565
0.70,5.408250971664132,-8.4113507492848,-5.059673883846343,-6.007056491821245
0.80,4.9264603867754575,-8.702297860768281,-5.634101562944581,-5.471921699479436
0.90,4.395446238173415,-8.982207544213571,-6.152235161612244,-4.88211327429326
1.00,3.820514243700898,-9.241410656045892,-6.608897660203639,-4.2435243870824335
1.10,3.2074089337994245,-9.471669754134359,-6.999526237985397,-3.5625356069185448
1.20,2.56225625405986,-9.666170021706174,-7.320217863332959,-2.8459511485880293
1.30,1.8915023567990388,-9.81948159702047,-7.5677682915324125,-2.1009308871271966
1.40,1.2018491932366324,-9.927515223696032,-7.73970408053448,-1.3349188187176078
1.50,0.5001875498139293,-9.987482786719141,-7.834307304769866,-0.5555686827368861
1.60,-0.20647180226649303,-9.997868242523944,-7.850632720093682,0.2293325118751524
1.70,-0.9110681563491723,-9.958411259557748,-7.7885172083524745,1.011942291835784
1.80,-1.606561418572703,-9.87010437677098,-7.648581407206906,1.7844410789200407
1.90,-2.286002450160454,-9.735203788203943,-7.432223508925394,2.5391103206015257
2.00,-2.9426025009181447,-9.557253293786362,-7.141605290109158,3.2684096112778405
2.10,-3.5698010401817264,-9.341119875770648,-6.7796305119349975,3.965052033510845
2.20,-4.161331307471149,-9.093036992636755,-6.349915906733476,4.622076966496953
2.30,-4.711282927889565,-8.820646981564126,-5.856755040795002,5.232919634289335
2.40,-5.214160966635592,-8.533025572094214,-5.305075414474724,5.791476698869151
2.50,-5.664940832575456,-8.240658066163121,-4.700389228237799,6.292167242681535
2.60,-6.0591184822967,-7.955317920579324,-4.048738306574425,6.729988531319006
2.70,-6.392755423021118,-7.68977750662749,-3.3566337300867066,7.100565999189972
2.80,-6.662518064722698,-7.457268470240542,-2.630990778923555,7.400196958732092
2.90,-6.865711028257234,-7.270626663257232,-1.8790598375873224,7.625887596442449
3.00,-7.000304076699752,-7.141130361066154,-1.108353951488518,7.775382886072445
3.10,-7.064952400800761,-7.0771779385867895,-0.3265737590795458,7.847189120104672
3.20,-7.059010055875739,-7.0831050416498265,0.4584694503792167,7.840588834384664
3.30,-6.982536415870899,-7.158504396941918,1.2389317846396413,7.755647976785571
3.40,-6.8362955801183425,-7.298291768712349,2.0070151220443453,7.593215248278808
3.50,-6.621748738708118,-7.493493420389282,2.7550450277805765,7.354913622994495
3.60,-6.341039572759841,-7.732478072176713,3.4755474342960304,7.043124132000427
3.70,-5.996972835469549,-8.002269478756656,4.161323319711235,6.660962072826714
3.80,-5.592986327942908,-8.289662474156817,4.805520638066491,6.212245882442639
3.90,-5.133116549822937,-8.5820227502573,5.401702782700113,5.701458984696666
4.00,-4.621958367919878,-8.867778799971017,5.9439128986945375,5.1337049934273775
4.10,-4.064619105820871,-9.13667726936855,6.4267334018015845,4.514656718841015
4.20,-3.466667513200945,-9.379883600179545,6.845340109153449,3.8504994866670925
4.30,-2.83407812471704,-9.589994847913127,7.195550440903249,3.147869336428299
4.40,-2.1731715644326384,-9.761010467750836,7.473865211180288,2.413786716327173
4.50,-1.490551392231437,-9.888288858397944,7.677503590798587,1.6555863372483124
4.60,-0.7930381232298422,-9.968504929782805,7.804430892382901,0.8808438867517494
4.70,-0.08760107944448559,-9.99961629518254,7.853378900292384,0.09730033530704014
4.80,0.6187112453696134,-9.980841467273848,7.823858542212069,-0.6872154089248425
4.90,1.3188416119387256,-9.912651350805135,7.716164775801757,-1.4648647239539603
5.00,2.005794549072422,-9.79677437868768,7.531373641576597,-2.2278775948812295
5.10,2.672706250099313,-9.636215092072202,7.271331511465936,-2.968630249318866
5.20,3.312913153754437,-9.435285180410862,6.938636640475343,-3.679721331604003
5.30,3.920018524280738,-9.199644274062768,6.5366132057814506,-4.354045854697907
5.40,4.487956365498272,-8.936344200028529,6.069278092652444,-4.9848661908678755
5.50,5.011052030232883,-8.653863735366931,5.541300759058255,-5.565879391836379
5.60,5.484078919514979,-8.362109686229392,4.957956579990056,-6.091280165756767
5.70,5.902310705028758,-8.07234342315185,4.325074137657148,-6.555818881770436
5.80,6.26156855302241,-7.7969711590976685,3.648976984220199,-6.954854022583058
5.90,6.5582628778336405,-7.549118360790829,2.936420458948346,-7.284398560971117
6.00,6.78942920784304,-7.341910584560931,2.194524191102234,-7.5411597968399775
6.10,6.952757805494582,-7.187430618665767,1.4307009629518805,-7.7225722567948205
6.20,7.046616745429791,-7.095434619741659,0.652582643706573,-7.826823327502763
6.30,7.0700682201464735,-7.072067262298548,-0.13205606559950847,-7.852871366726114
6.40,7.022877910261289,-7.118931510947696,-0.9153753143500514,-7.80045611106729
6.50,6.905517325751566,-7.232830045268929,-1.6895484355424581,-7.670101276434655
6.60,6.719159094783475,-7.406274438541183,-2.4468401472573844,-7.463109325246278
6.70,6.4656652471990075,-7.62857607363019,-3.179683841038733,-7.181548452655991
6.80,6.147568609729302,-7.887166803654588,-3.8807571849441587,-6.828231921831065
6.90,5.7680474988271895,-8.168820481028666,-4.543055285865394,-6.406689954756589
7.00,5.330893963979801,-8.460589196078706,-5.15996068010468,-5.921134459424319
7.10,4.840475898803588,-8.750416737110388,-5.72530945288459,-5.37641694584031
7.20,4.3016933984951295,-9.027482146498182,-6.233452826146963,-4.777980051340622
7.30,3.7199297996996927,-9.282355427654458,-6.679313599276029,-4.131803159558158
7.40,3.1009978919909638,-9.507040132126697,-7.058436878808661,-3.4443426563979282
7.50,2.4510818383990802,-9.694957339847875,-7.367034590257261,-2.722467419963279
7.60,1.7766753852978476,-9.840905678608893,-7.602023327297878,-1.9733901889964371
7.70,1.0845169790375195,-9.941017197559782,-7.761055160146948,-1.2045954955772122
7.80,0.3815224376162988,-9.992719381109195,-7.842541095299581,-0.42376488215251085
7.90,-0.3252841498870334,-9.994708110887094,-7.8456669522274,0.3612998498966123
8.00,-1.0288406056893384,-9.946933547987781,-7.7704014984012515,1.1427545932754202
8.10,-1.7221172262490843,-9.850599588809615,-7.617496761356318,1.9127913105026666
8.20,-2.3981870207404197,-9.708176915031585,-7.388480514681563,2.6637160492401137
8.30,-3.0502949232557497,-9.52342905056578,-7.085641013011057,3.388025817721013
8.40,-3.671925287191354,-9.301449601287139,-6.71200412854006,4.078483552163681
8.50,-4.256866987434467,-9.048706175541927,-6.271303117510274,4.728190427120549
8.60,-4.7992754798722785,-8.77308126420226,-5.767941318747523,5.330654786261587
8.70,-5.2937311981447595,-8.483891206385714,-5.206948156955755,5.879857004858499
8.80,-5.73529370416026,-8.191849981964982,-4.593928890367908,6.370309635885179
8.90,-6.119551051319835,-7.908925017364263,-3.9350086048585005,6.797112238774496
9.00,-6.442663867229254,-7.6480116562344875,-3.2367710141102544,7.156000343000562
9.10,-6.701403715438848,-7.4223438510151505,-2.506192677323265,7.443388057258585
9.20,-6.89318535291333,-7.244583886627384,-1.7505732917416175,7.656403898505447
9.30,-7.016092560925635,-7.125618932873408,-0.9774627564914832,7.792919482869085
9.40,-7.068897291281025,-7.073237666395763,-0.1945857364847153,7.851570791756589
9.50,-7.051071936568714,-7.091007301176126,0.5902355198795152,7.831771800677101
9.60,-6.962794601840707,-7.177707944224111,1.3691593380350324,7.733720334604811
9.70,-6.804947325044998,-7.327529727224785,2.1344029686688084,7.558396091377208
9.80,-6.57910726399396,-7.530959275474932,2.8783203503794637,7.3075508528781326
9.90,-6.287530937924814,-7.776050070867491,3.5934785065953374,6.983690981812256
10.00,-5.9331316811053245,-8.049717290356496,4.2727318134193775,6.590052378957427
10.10,-5.519450533760812,-8.33880481875955,4.909293396341088,6.13056815111375
10.20,-5.050620861170739,-8.630830140647362,5.4968029424432014,5.609829312800547
10.30,-4.531327054449137,-8.914430723586184,6.029390250545898,5.033038914356869
10.40,-3.9667577256570583,-9.179587852727378,6.501733884316575,4.4059600547824065
10.50,-3.3625538649059856,-9.417708399903121,6.909114342302642,3.7348582987573185
10.60,-2.724752477449302,-9.621627925493373,7.247461213629978,3.02643907319106
10.70,-2.059726263921365,-9.785577536237325,7.513393848202887,2.287780668813227
10.80,-1.3741199464193068,-9.905139795724875,7.704255135042357,1.5262635162323566
10.90,-0.6747838766362912,-9.977207360771434,7.818138051260642,0.7494964431129345
11.00,0.03129441058818042,-9.999951032873408,7.853904716403576,-0.034759350715487324
11.10,0.7370600144066117,-9.972800135125688,7.811197761775937,-0.8186678406014737
11.20,1.4354611582007404,-9.89643629107453,7.690443901151324,-1.594396472039779
11.30,2.1195196486025,-9.772800850277669,7.492849667189177,-2.3541944209668655
11.40,2.7824005992954697,-9.605115663282781,7.220389356159279,-3.0904700374328637
11.50,3.417480722939635,-9.397916019434096,6.875785301426033,-3.7958666988584056
11.60,4.018414508869122,-9.157092597266347,6.462480672793379,-4.463336314975662
11.70,4.579197625337223,-8.889935270186502,5.984605073490268,-5.086209750016512
11.80,5.094226912814439,-8.605164272735127,5.446933278540266,-5.658263458512609
11.90,5.558356368906349,-8.312922138227822,4.854837526787848,-6.173781668904477
12.00,5.966948565508481,-8.024682225270748,4.214233843263689,-6.627613493641542
12.10,6.31592098445501,-7.753008584937905,3.5315229282181395,-7.0152243951478885
12.20,6.601786808690768,-7.511085869073563,2.8135262034401096,-7.3327414934227955
12.30,6.821689761394668,-7.3119456233811775,2.0674176548654186,-7.576992262577496
12.40,6.973432644953546,-7.16737309942047,1.30065215248073,-7.745536229665169
12.50,7.0554992946344095,-7.086602126789209,0.5208909637268938,-7.836689359079902
12.60,7.067069727601275,-7.075063636831943,-0.2640747953528413,-7.849540878883799
12.70,7.0080283359126145,-7.1335502271341635,-1.0464020063689325,-7.78396238093913
12.80,6.878965041637691,-7.2580878994351234,-1.818273914431901,-7.640609103919987
12.90,6.681169402550245,-7.440562842582972,-2.5719782305833117,-7.420913386384052
13.00,6.416617727293498,-7.669877244244709,-3.2999841904377027,-7.127070355319198
13.10,6.087953328757452,-7.933273237880506,-3.9950177990909848,-6.762015993160229
13.20,5.698460112970278,-8.21751497357241,-4.65013451047306,-6.3293978024229105
13.30,5.25202976739478,-8.509769874820302,-5.258788614956591,-5.833538361064529
13.40,4.753122876473696,-8.798171566930394,-5.814898641923875,-5.279392132713799
13.50,4.206724352944417,-9.072126003222419,-6.312908123810993,-4.672495963308011
13.60,3.61829363023871,-9.322443413900348,-6.747841114494975,-4.018913758758665
13.70,2.9937101136285142,-9.541367813660594,-7.115351907302638,-3.3251758964080675
13.80,2.3392144351519373,-9.72255500505792,-7.411768455875166,-2.598213975657575
13.90,1.6613460992808093,-9.861030835485934,-7.634129064041505,-1.8452915597176656
14.00,0.9668781423536743,-9.953147575407426,-7.780211978107503,-1.0739316004853487
14.10,0.2627494586355627,-9.996547540125377,-7.848557585884402,-0.2918412716955722
14.20,-0.4440045308198119,-9.990138136012508,-7.838483000651351,0.4931650386110881
14.30,-1.1463221737716196,-9.934080001385105,-7.750088884333783,1.2732438068706344
14.40,-1.8371861444868327,-9.829788760217872,-7.584258441722733,2.040600743890375
14.50,-2.5096935585393316,-9.679950322301567,-7.342648595784514,2.7875686728100875
14.60,-3.157124944149299,-9.488548997978052,-7.0276734322341445,3.506684136998776
14.70,-3.7730113809240824,-9.260906279593664,-6.642480078788873,4.190761972446235
14.80,-4.351199135172417,-9.00372512275196,-6.19091726010833,4.8329670995467415
14.90,-4.885911145977315,-8.725128782637803,-5.677496842609952,5.4268828169551
15.00,-5.3718047476791035,-8.434673304450637,-5.107348753391153,5.966574915145399
15.10,-5.804025052024651,-8.143297439948405,-4.486169723693508,6.446650969071011
15.20,-6.178253456605972,-7.863153580207903,-3.820166369047268,6.8623142174931555
15.30,-6.490750794907956,-7.60724352958427,-3.115993174820619,7.2094114906336015
15.40,-6.738394696824172,-7.388777768332992,-2.380686006801563,7.484474707274233
15.50,-6.9187107863468675,-7.220210596297556,-1.621591811152713,7.684755526678187
15.60,-7.029897404714105,-7.111999893081685,-0.8462952061538112,7.808252809102018
15.70,-7.070843611988568,-7.071292004633981,-0.0625426992030222,7.8537326105225205
15.80,-7.041140287202188,-7.100869204255088,0.7218347137243356,7.820740511797524
15.90,-6.9410842161576145,-7.198704737951657,1.4989997927989926,7.70960615907175
16.00,-6.771675126042587,-7.358288930677846,2.261187361447455,7.521439970061503
16.10,-6.534605696486334,-7.569605563795801,3.0007818934295005,7.2581220391279
16.20,-6.232244646864243,-7.8204300816279915,3.7103936046590253,6.922283351995488
16.30,-5.867613068836864,-8.097599451344506,4.382932289483856,6.517279497812588
16.40,-5.444354240600673,-8.388027593114693,5.011678163676954,6.047157141213719
16.50,-4.96669722445664,-8.679396216360601,5.590349006299135,5.51661358938423
16.60,-4.439414611417659,-8.96055790160029,6.11316292957407,4.930949858119617
16.70,-3.867774835056755,-9.221730739145537,6.574896149599698,4.296017705827986
16.80,-3.257489531060342,-9.454563022955226,6.970935180670234,3.6181611646943725
16.90,-2.6146564684524503,-9.652127825095343,7.29732293170032,2.9041531532082
17.00,-1.9456986227022988,-9.808886627421808,7.55079824417111,2.1611278034005688
17.10,-1.25729999947656,-9.920644974562705,7.728828476548193,1.3965091789552326
17.20,-0.556338850264174,-9.984512360835993,7.829634809598629,0.6179370964183352
17.30,0.1501810528388779,-9.998872218973908,7.852210019764721,-0.16680920932312765
17.40,0.8552003965052195,-9.963364506120275,7.796328543008862,-0.9498888125848273
17.50,1.551674860501347,-9.878881775144803,7.662548728574834,-1.7234774408226743
17.60,2.23264550220686,-9.747578882034015,7.452207260146738,-2.479845652177718
17.70,2.8913082880688026,-9.572895924606339,7.167405800147461,-3.211436065504189
17.80,3.5210820772558127,-9.359592993566968,6.810989990622469,-3.910938871223767
17.90,4.11567437824187,-9.113793085882705,6.386521020525133,-4.571364868526587
18.00,4.669144221301607,-8.843025061633933,5.898240043493881,-5.186115299155409
18.10,5.175961518715972,-8.556250484690793,5.351025801646975,-5.7490477800168645
18.20,5.63106231958073,-8.263845179636299,4.750345878803973,-6.254537675842924
18.30,6.029899407129961,-7.977487896568301,4.102202070195536,-6.697534298687237
18.40,6.368487733022888,-7.709887417747227,3.4130704145094235,-7.073611372729559
18.50,6.643444234629607,-7.474265763362086,2.6898364874526117,-7.379011260160611
18.60,6.8520216374746,-7.2835293285315945,1.939726603354901,-7.610682506256961
18.70,6.992135905095162,-7.149128302435134,1.170235612224835,-7.76631032850795
18.80,7.062387062044848,-7.079737917879555,0.38905201368588116,-7.844339745157361
18.90,7.062073181985362,-7.080051014807954,-0.39601886397032443,-7.843991112067131
19.00,6.991197401102501,-7.150046076691928,-1.1771328520441706,-7.7652679126638535
19.10,6.850467886770432,-7.284990716008295,-1.9464853177687786,-7.608956723133537
19.20,6.641290761777367,-7.476179306138303,-2.6963891456207416,-7.3766193532123605
19.30,6.365756054811471,-7.7121430128487045,-3.4193515444374105,-7.0705772411000485
19.40,6.026616817585084,-7.979968028382109,-4.108148912909405,-6.693888258416759
19.50,5.627261617252044,-8.26643373474934,-4.755899015417092,-6.25031615696064
19.60,5.171680678964801,-8.558838645214792,-5.356129747053929,-5.744292962543997
19.70,4.664426016863686,-8.845514678819157,-5.902843800759303,-5.180874691656414
19.80,4.110565951856314,-9.116098263809995,-6.390578590428229,-4.56569083341928
19.90,3.5156344706304434,-9.361640575717217,-6.814460831266018,-3.904888101591354
20.00,2.885575931888282,-9.574625399529063,-7.170255232039063,-3.2050690186367183
20.10,2.226685672279278,-9.748942040901985,-7.4544068127048275,-2.4732259455028234
20.20,1.5455471054772822,-9.879842313759406,-7.664076424597327,-1.7166712162612665
20.30,0.8489659428873063,-9.963897672488285,-7.797169118262089,-0.9429640756828858
20.40,0.14390219322682998,-9.998964554331838,-7.852355075498611,-0.15983514976276283
20.50,-0.5625993795806281,-9.984161554086327,-7.8290828964642385,0.6248907961393136
20.60,-1.263479645357946,-9.919859837002042,-7.72758510907912,1.4033730397678001
20.70,-1.9517356401696895,-9.807687188674576,-7.548875845684105,2.167833243876377
20.80,-2.6204905376228838,-9.65054554635275,-7.2947407101656045,2.9106331748025385
20.90,-3.2630623598431545,-9.452641114301061,-6.967718936791813,3.6243510211734815
21.00,-3.873030741588882,-9.219524547106943,-6.571078019023255,4.3018555501920215
21.10,-4.4443010804184,-8.958135291822279,-6.10878106179822,4.936377360557426
21.20,-4.971165431942994,-8.676837802347986,-5.585447183498243,5.521576520085548
21.30,-5.448359541720429,-8.385426542767156,-5.006305363244117,6.051605912215507
21.40,-5.87111544394521,-8.095060434849639,-4.377142194664986,6.521169658465563
21.50,-6.235209101386827,-7.818066734300935,-3.704244068167605,6.925576033100323
21.60,-6.537002610573486,-7.567535719727752,-2.994334359401384,7.2607843413034105
21.70,-6.773480550521065,-7.356627028177576,-2.2545062515113665,7.523445292464394
21.80,-6.942280111822822,-7.197551448165501,-1.492151862396931,7.710934465183442
21.90,-7.041714705059945,-7.100299572028107,-0.7148883851132531,7.821378529622425
22.00,-7.070790812645517,-7.071344800234801,0.06951802060379458,7.853673965197424
22.10,-7.029217915723824,-7.1126714737338474,0.8532298252385716,7.807498086591622
22.20,-6.9174113969387365,-7.221455501870941,1.6284164394998466,7.683312267920336
22.30,-6.736488390067634,-7.39051582573801,2.3873324549805472,7.482357332833352
22.40,-6.488256617989976,-7.60937093714778,3.1223950337182718,7.206641156615192
22.50,-6.175196330517851,-7.865554670813678,3.826259673405656,6.858918604158977
22.60,-5.800435522559706,-8.14585463586403,4.491893591229659,6.442664004267055
22.70,-5.3677186802292045,-8.437274214455664,5.112645993112704,5.962036435306068
22.80,-4.881369367177745,-8.727670542657917,5.682314526248637,5.4218381690707265
22.90,-4.346247024975629,-9.006116632483199,6.195207250961747,4.8274666880714445
23.00,-3.7676984191782097,-9.263069071432104,6.646199512686492,4.184860755673279
23.10,-3.1515042162118743,-9.49041733409015,7.03078514582194,3.500441077935472
23.20,-2.503821224865938,-9.681470925118292,7.34512149784891,2.7810461500389145
23.30,-1.8311208794943994,-9.830920421032797,7.586067823843733,2.033863928302802
23.40,-1.1401245795830395,-9.934793200818556,7.751216667763332,1.2663600105011164
23.50,-0.43773653174756494,-9.990414742580692,7.838917916950216,0.48620304207746856
23.60,0.2690252348166718,-9.996380616154621,7.848295289512684,-0.2988119064252598
23.70,0.9730989901625398,-9.952541301363418,7.779255089843843,-1.0808412251330708
23.80,1.6674498620624632,-9.860000555654542,7.632487144797125,-1.8520711355979598
23.90,2.3451401261263007,-9.721127392891852,7.409457911164407,-2.6047957634892747
24.00,2.9993985252501436,-9.539581148390493,7.112395823324483,-3.331494133142807
24.10,3.62368792577902,-9.320347945037424,6.744269027463378,-4.024905314663522
24.20,4.211770634385484,-9.069784348226152,6.308755724838798,-4.678100972736926
24.30,4.757770723039438,-8.795659028577038,5.81020742040901,-5.284554592265327
24.40,5.256232739338684,-8.507174465702708,5.253605444033717,-5.838206689149312
24.50,5.7021762155859985,-8.21493678651305,4.644511178672708,-6.3335253546498675
24.60,6.09114543197603,-7.930822613482005,3.989010492885678,-6.765561528391893
24.70,6.419253936674738,-7.667671021665306,3.2936529328452906,-7.1299984477395295
24.80,6.6832233779614265,-7.4387179863380934,2.565386281436821,-7.423194779461485
24.90,6.880416260435453,-7.2567122089232265,1.8114871383081934,-7.642221002729015
25.00,7.008862297998439,-7.132730843631775,1.039488214491626,-7.784888679919675
25.10,7.067278100301668,-7.074855493435639,0.25710306804497773,-7.849772322762638
25.20,7.055079995958227,-7.087019560480277,-0.5278509672706011,-7.8362236353463
25.30,6.972389864394555,-7.168387515954204,-1.3075308902055434,-7.744377991676722
25.40,6.8200339180715135,-7.313490094090107,-2.0741463966978,-7.575153083065319
25.50,6.599534447242584,-7.5130649591001495,-2.820037718015895,-7.3302397488606195
25.60,6.313094609732852,-7.755310209692582,-3.537752154636107,-7.012085082140409
25.70,5.963576417714296,-8.027188568239938,-4.220118541152578,-6.623867979166608
25.80,5.55447214142621,-8.315517977259152,-4.860318898191573,-6.169467376904618
25.90,5.089869415565371,-8.607742406257998,-5.45195655540766,-5.6534234959673695
26.00,4.574410396991339,-8.892399536677237,-5.989120064899345,-5.080892476231765
26.10,4.0132453818296066,-9.159359230056616,-6.466442266442435,-4.457594858393404
26.20,3.411981345415179,-9.399914004848068,-6.879153914380853,-3.789758426214931
26.30,2.7766259192484433,-9.606786585771422,-7.223131330352731,-3.0840559805692993
26.40,2.113527364727077,-9.774098530225169,-7.494937605721496,-2.347538667019186
26.50,1.4293111434166172,-9.897326389248011,-7.691856942030871,-1.5875655231013284
26.60,0.7308137176285866,-9.973259813627934,-7.811921786365329,-0.8117299492560333
26.70,0.0250142427489077,-9.999968714334045,-7.853932490488445,-0.02778383808001841
26.80,-0.6810351661757089,-9.976782602744835,-7.8174692973315105,0.7564398800219762
26.90,-1.380279896840193,-9.904283285850562,-7.702896535067422,1.5331055008885708
27.00,-2.0657333270353226,-9.784311208336312,-7.511358976864001,2.2944528383675875
27.10,-2.730546632667367,-9.619985191611727,-7.244770402688918,3.0328747615309055
27.20,-3.3680772189445105,-9.41573448262147,-6.905794477452863,3.7409932026121115
27.30,-3.9719550909882675,-9.177340178677719,-6.497818136550253,4.411732876220758
27.40,-4.53614650071666,-8.911979293290353,-6.024917744720338,5.038391973255206
27.50,-5.055014234060566,-8.628257709030548,-5.491818366358196,5.614709123163842
27.60,-5.523373936143284,-8.336206593021375,-4.903846554233195,6.134925955489903
27.70,-5.936545911640736,-8.047199676842974,-4.266877128334451,6.593844635605607
27.80,-6.290401882750248,-7.77372781575816,-3.5872744766114426,6.986879799757585
27.90,-6.581406237577728,-7.528950254582174,-2.8718289641134183,7.310104370505782
28.00,-6.806651356802987,-7.325946853952194,-2.1276890859064155,7.56028879478312
28.10,-6.963886665650866,-7.17664841746968,-1.3622900416735382,7.734933312522196
28.20,-7.051541120890439,-7.090540728350075,-0.5832794456574755,7.832292933431563
28.30,-7.068738908179663,-7.073395948763719,0.2015590857730462,7.851394872361905
28.40,-7.0153081929127765,-7.126391159517619,0.9843837054450992,7.792048269053693
28.50,-6.891782837134881,-7.245918114757653,1.7573726885263352,7.6548460951498045
28.60,-6.699397065368853,-7.424155100786028,2.512802584613993,7.441159229418876
28.70,-6.4400731326519,-7.650193333903082,3.2431253878982873,7.153122760387807
28.80,-6.116402117998634,-7.911360510742879,3.9410439543414237,6.7936146532429555
28.90,-5.731618035196057,-8.194422169904069,4.599584912328709,6.366226994153334
29.00,-5.289565519606826,-8.486489062844928,5.21216833829263,5.875230099332989
29.10,-4.794661413843574,-8.775603792708486,5.772673501134117,5.32552984745297
29.20,-4.251850636137542,-9.051064366580142,6.275500018544428,4.7226186617233195
29.30,-3.6665567723501806,-9.30356713498285,6.71562381417395,4.072520631415906
29.40,-3.0446278852960242,-9.525242308733036,7.088647316542336,3.3817313211557227
29.50,-2.392278082832161,-9.709634677700334,7.390843398119095,2.6571528693863034
29.60,-1.7160254285466354,-9.85166263777751,7.619192615549859,1.906025024483936
29.70,-1.0226268154216616,-9.947574297102815,7.7714133789362725,1.1358528075850312
29.80,-0.3190104531924763,-9.994910321296231,7.845984748728074,0.3543315248957552
29.90,0.3877933560341724,-9.992477986616521,7.842161632448321,-0.4307301212638493
30.00,1.0907224622347682,-9.94033824929396,7.7599822294111265,-1.2114880544322335
30.10,1.7827534301376242,-9.839806411069912,7.600267649046741,-1.980141199425438
30.20,2.456971715066479,-9.69346635581737,7.364613706647543,-2.7290094281016395
30.30,3.106640750785258,-9.505197696290194,7.055374978509146,-3.45061029666283
30.40,3.7252692590410903,-9.280213841698016,6.675641275782381,-4.137733807759879
30.50,4.30667610827088,-9.025106143334204,6.229206772101618,-4.78351445040274
30.60,4.845052073424674,-8.747883767277846,5.720532093456008,-5.381499797876825
30.70,5.335017879822092,-8.457989372302297,5.154699749089085,-5.925714978257848
30.80,5.771677951086771,-8.166255790075327,4.537363348746458,-6.410722373357062
30.90,6.1506693241272625,-7.884749004580924,3.8746911136760698,-6.831675949604766
31.00,6.46820524242204,-7.626422552016381,3.1733042458004235,-7.1843696780158455
31.10,6.72111299203892,-7.404501343658845,2.4402107708556606,-7.46527955944106
31.20,6.906865602343917,-7.2315425429958164,1.682735516514944,-7.6715988352016735
31.30,7.023607094656514,-7.1182120915220475,0.9084469251316183,-7.801266031294369
31.40,7.07017102657513,-7.0719644834358135,0.12508143236500566,-7.852985555958066
31.50,7.046092146684023,-7.095955570635835,-0.6595338327273739,-7.826240644798525
31.60,6.951611043191646,-7.188539761604993,-1.4375592537760409,-7.72129852412736
31.70,6.787671740052795,-7.343535412135538,-2.201221057954888,-7.539207740925067
31.80,6.555912264593303,-7.551159803563629,-2.9428889889495906,-7.28178768610619
31.90,6.258648280882466,-7.799315463308748,-3.655152545956472,-6.951610415766724
32.00,5.898849952383113,-8.074872707310607,-4.3308950269569495,-6.551974952049806
32.10,5.480112265060096,-8.364709771554415,-4.963364636451631,-6.086874320406974
32.20,5.006619107468867,-8.65642912018158,-5.546241947169103,-5.560955652607775
32.30,4.483101466724054,-8.938780746782898,-6.073703041694299,-4.9794737541352605
32.40,3.9147901580400504,-9.201870354363441,-6.540477703126179,-4.348238599906608
32.50,3.307363560154488,-9.43723191836262,-6.941902073342906,-3.6735572829242713
32.60,2.6668908788449,-9.637826157403643,-7.273965252730527,-2.962170995887544
32.70,1.9997715054308116,-9.79800560961602,-7.533349375766097,-2.221187675423456
32.80,1.3126710761710312,-9.913470363388594,-7.717462762033233,-1.4580109819335638
32.90,0.612454871429517,-9.981227330867796,-7.824465811436149,-0.6802663246665442
33.00,-0.0938807799366569,-9.999559310247552,-7.853289384875718,0.1042753288503933
33.10,-0.7992784055825636,-9.968006522387984,-7.803645486733936,0.8877750977502986
33.20,-1.496689905606203,-9.88736159581799,-7.676030142430947,1.6624045113329136
33.30,-2.17914697483293,-9.759678194596196,-7.4717184423030005,2.420423728556161
33.40,-2.839830727817346,-9.588292936563025,-7.192751801321307,3.1542588719693856
33.50,-3.4721398308926426,-9.377859297021299,-6.841917561948444,3.8565777033932487
33.60,-4.069756460514491,-9.134390091960194,-6.422721143933844,4.520362885219904
33.70,-4.626709428865505,-8.865300889470534,-5.939351019318397,5.138982095330747
33.80,-5.137433845990094,-8.579438995533183,-5.396636862606341,5.706254295066675
33.90,-5.596826722335394,-8.287070087802592,-4.800001294254094,6.216511488123183
34.00,-6.000297956136062,-7.999776524227999,-4.155405699639132,6.6646553532958555
34.10,-6.343816196193815,-7.73020026059539,-3.4692906648678767,7.046208185220551
34.20,-6.623949121806032,-7.491548440190793,-2.748511624568284,7.357357634125277
34.30,-6.837897737379628,-7.296790700927262,-2.0002703646531548,7.594994797568911
34.40,-6.983524339069802,-7.1575406254955825,-1.232043064455884,7.756745283566725
34.50,-7.05937387401022,-7.082742442510665,-0.45150559721786065,7.840992934730233
34.60,-7.06468847872028,-7.077441394927756,0.3335431646996564,7.846895976377578
34.70,-6.999415051426493,-7.142001745859788,1.1152592735702058,7.7743954272679066
34.80,-6.864205782637853,-7.2720477840565,1.8858320804349435,7.624215688922428
34.90,-6.660411638673856,-7.459149871360532,2.637562276525181,7.397857307643869
35.00,-6.390068863255599,-7.692010135384073,3.3629388222105496,7.097581981553831
35.10,-6.055878632031623,-7.957784490302737,4.054713994824168,6.726389962452781
35.20,-5.661180063323714,-8.243242098266077,4.705975805511752,6.287990078295807
35.30,-5.209916854760403,-8.535617515240679,5.31021706153944,5.786762675809673
35.40,-4.706597879153868,-8.823147760518596,5.86140038401261,5.227715853516267
35.50,-4.156252133333236,-9.09535970724429,6.354018531370092,4.616435422467637
35.60,-3.5643784900706335,-9.343190353381535,6.7831494259213985,3.959029094668374
35.70,-2.9368907551621235,-9.55901002678851,7.144505333619988,3.2620654568362095
35.80,-2.2800585786350442,-9.73659760275594,7.434475705684518,2.5325083392548136
35.90,-1.6004448104774045,-9.871098034596553,7.65016325400878,1.77764723548354
36.00,-0.9048399268101911,-9.958979099629145,7.789412899906744,1.0050244681473657
36.10,-0.20019418169460335,-9.99799591366268,7.850833306946409,0.22235982854238226
36.20,0.5064518375090786,-9.987167092638616,7.833810782723523,-0.5625265569670097
36.30,1.2080375573630895,-9.926764088060128,7.738515410673221,-1.3417923630657447
36.40,1.8975529652680532,-9.818314149791828,7.56589935065257,-2.107651423410312
36.50,2.568108651191674,-9.664616803354102,7.317687325274011,-2.8524515274290954
36.60,3.2130046443764417,-9.469773025538439,6.996359387047141,-3.56875087868092
36.70,3.825797357232729,-9.23922478249074,6.605126138513828,-4.249392450825164
36.80,4.400363967536013,-8.979799382681705,6.1478966529689,-4.887575498263151
36.90,4.9309635956426145,-8.69974700887602,5.629239416291947,-5.47692350694015
37.00,5.412294665461411,-8.408749398942625,5.054336680146557,-6.01154790636601
37.10,5.839547876049669,-8.117861824601587,4.428932682634719,-6.486106906264999
37.20,6.208454254558325,-7.839330058688474,3.7592762537684927,-6.8958588699784755
37.30,6.515327810397559,-7.5862048168409055,3.052058379226126,-7.236709691331004
37.40,6.757102364436332,-7.371673326764347,2.3143453462348975,-7.505253701585934
37.50,6.931362185250734,-7.208066193985469,1.5535081395649493,-7.6988076977616435
37.60,7.036366126313824,-7.105600026490611,0.777148793085984,-7.8154377523087915
37.70,7.071065022956188,-7.071070600773663,-0.006975567242260229,-7.853978536275111
37.80,7.035112175272507,-7.10684154046877,-0.7910302300084356,-7.8140449628871025
37.90,6.928866812232402,-7.210464943285168,-1.567181180196196,-7.696036035209771
38.00,6.753390502383326,-7.375074014701052,-2.3276733740726585,-7.501130859439908
38.10,6.510436547008531,-7.590402885708745,-3.064908225021906,-7.231276863666717
38.20,6.202432461720225,-7.84409533074396,-3.7715195261106955,-6.889170339814094
38.30,5.832455721525992,-8.1229588363132,-4.440447050793187,-6.478229503182993
38.40,5.404203011715804,-8.413952092100468,-5.065007096360798,-6.0025603387740505
38.50,4.921953291804559,-8.70484783286269,-5.638959265290317,-5.46691557564272
38.60,4.390525041583048,-8.984614062898427,-6.156568817233162,-4.876647199201594
38.70,3.81522811646066,-9.243594237057794,-6.612663968645291,-4.237652975951287
38.80,3.2018106931453385,-9.47356365288481,-7.002687567538806,-3.556317524947109
38.90,2.5564018357620073,-9.667719982193974,-7.322742627038223,-2.839448524795937
39.00,1.8854502562698383,-9.820645464078824,-7.569631262785162,-2.094208693581896
39.10,1.195659881064013,-9.928262559421663,-7.740886645141772,-1.3280442213549413
39.20,0.49392286755920506,-9.987794561408544,-7.834797646937047,-0.5486103702612616
39.30,-0.2127492599690619,-9.997736631477277,-7.850425940483899,0.23630501430559095
39.40,-0.9172956672172733,-9.957839557800899,-7.787615373039237,1.0188593172815545
39.50,-1.6126767593762832,-9.869107035075038,-7.646993527030553,1.7912335147493532
39.60,-2.291944518435667,-9.733806569087589,-7.429965449459762,2.545710299040854
39.70,-2.948311925482971,-9.55549353984685,-7.1386996131380105,3.274751187524283
39.80,-3.5752207743531974,-9.339046868638862,-6.776106250022139,3.971071844630791
39.90,-4.166407199056947,-9.09071235116624,-6.345808273138971,4.627714864527575
40.00,-4.715964260258834,-8.818144991774707,-5.852105077635923,5.2381192872171525
40.10,-5.2184009654627355,-8.530433245952846,-5.299929582645883,5.796186153480883
40.20,-5.668697133193752,-8.238074581607096,-4.6947989431898405,6.29633944366344
40.30,-6.062353552992036,-7.952852909398289,-4.042759424587644,6.7335817914180165
40.40,-6.3954369400364754,-7.687547485773137,-3.350325990173561,7.103544415738951
40.50,-6.664619235226451,-7.455390697304172,-2.6244172059361923,7.402530772377414
40.60,-6.867210858048262,-7.269210069265027,-1.8722861124940982,7.627553488489624
40.70,-7.001187579974558,-7.140264173685032,-1.1014477551114668,7.776364211478806
40.80,-7.06521074988667,-7.076920026373468,-0.3196040958499823,7.84747607379114
40.90,-7.05864066943408,-7.083473152332209,0.4654329418901674,7.840178549204855
41.00,-6.981542984688892,-7.159473273428801,1.2458195275266257,7.754544552173378
41.10,-6.834688030231974,-7.29979722522508,2.013758296257222,7.591429709288212
41.20,-6.6195431322244636,-7.495441862933761,2.761576257751606,7.352463810140865
41.30,-6.338257947369806,-7.734758315073813,3.4818014621342797,7.040034523003994
41.40,-5.993642984254548,-8.004763817708568,4.16723765723785,6.657263538039281
41.50,-5.589141521675576,-8.29225524514785,4.8110361911759245,6.207975376401226
41.60,-5.128795204536573,-8.584605975228138,5.406764441808894,5.696659176885997
41.70,-4.617203661068131,-8.870255371308035,5.948470089378014,5.128423841940486
41.80,-4.059478544862906,-9.138962410678673,6.430740590116852,4.508946991197839
41.90,-3.461192460922609,-9.381905283493992,6.848757256599459,3.8444182325788567
42.00,-2.828323286030886,-9.591693666381108,7.198343404472279,3.1414773177756565
42.10,-2.167194439784519,-9.762339282168341,7.476006084503582,2.4071478000475794
42.20,-1.4844117030750619,-9.889212400174939,7.678970982977577,1.6487668571986986
42.30,-0.7867972153097493,-9.968999455410799,7.805210141719985,0.87391198092255
42.40,-0.08132130984964259,-9.999669336761308,7.853462220785771,0.09032526500991672
42.50,0.6249671312572308,-9.980451697435749,7.823245101350926,-0.6941639510931327
42.60,1.3250111073752489,-9.911828568197304,7.7148607028843905,-1.471717310456954
42.70,2.011816010498813,-9.795539614533782,7.529391966468524,-2.234565756939752
42.80,2.6785195130634296,-9.634600833357782,7.268692034409781,-2.975087161028441
42.90,3.3184601340543494,-9.43333569521895,6.935365734253353,-3.685882477637198
43.00,3.9252437983228763,-9.197416002537224,6.532743552207377,-4.359849674920161
43.10,4.4928077240716515,-8.933906130832252,6.064848356025656,-4.990254695426015
43.20,5.015481000166282,-8.651297610010364,5.53635519984285,-5.570798740574058
43.30,5.488041248004848,-8.359509749991169,4.9525446125789285,-6.09568120616752
43.40,5.905766801798592,-8.069815269432976,4.319249836639709,-6.559657640113265
43.50,6.264483885895718,-7.7946290253836255,3.642798544086956,-6.958092143253526
43.60,6.56060831776803,-7.547080130807738,2.929949612630788,-7.28700368973786
43.70,6.791181319977984,-7.340289931547806,2.187825593157788,-7.543105904117499
43.80,6.953899083304798,-7.186326428656904,1.4238415435569436,-7.723839897722496
43.90,7.047135785644652,-7.09491911290654,0.6456309399123168,-7.82739983623147
44.00,7.0699598366877225,-7.072175613460296,-0.1390305946666999,-7.852750982971197
44.10,7.022143186060616,-7.119656246930919,-0.9223029815012113,-7.799640037663434
44.20,6.904163601930314,-7.234122265885519,-1.6963600218173942,-7.668597667317551
44.30,6.717199897302582,-7.4080513996379755,-2.453467593537648,-7.460933203981193
44.40,6.463120151712077,-7.6307324618632295,-3.186060928071833,-7.178721562327274
44.50,6.1444630459891405,-7.889586419862188,-3.886820194984444,-6.824782507792434
44.60,5.764412496600121,-8.17138596377875,-4.548743639320706,-6.402652482412887
44.70,5.326765843006507,-8.46318885844923,-5.165217540827611,-5.916549269864594
44.80,4.8358959059042546,-8.75294869099885,-5.7300822960604805,-5.371329852762976
44.90,4.296707295444862,-9.029856389626078,-6.237693963104491,-4.772441883298138
45.00,3.714587405991981,-9.284494622931598,-6.682980653976646,-4.125869252094929
45.10,3.0953525870577727,-9.508879658603044,-7.061493211253963,-3.438072299155834
45.20,2.445190028261212,-9.696445004520571,-7.369449662583741,-2.7159232642791777
45.30,1.7705959389746253,-9.842001321930747,-7.603773008901165,-1.9666376219107136
45.40,1.0783106403470064,-9.941692318861735,-7.762121968786826,-1.1977019865080842
45.50,0.3752512182431473,-9.99295684585934,-7.842914371776758,-0.41679930876390514
45.60,-0.3315575899918363,-9.99450196680749,-7.845342966886701,0.36826788989790915
45.70,-1.0350535843859892,-9.946288960082033,-7.7693834883971045,1.149655477537043
45.80,-1.728207665508183,-9.849532895771187,-7.61579489830817,1.9195560876702016
45.90,-2.404094066906121,-9.706715804919128,-7.3861118030424295,2.6702771278962403
46.00,-3.0559595550753738,-9.521612846453248,-7.082629120164641,3.3943176417366026
46.10,-3.6772909055362373,-9.299329631541216,-6.708379148324082,4.084443255712969
46.20,-4.261879980819744,-9.046346170089219,-6.26710126952879,4.733758462815686
46.30,-4.803885760125117,-8.770557656367531,-5.763204586476613,5.335775520130453
46.40,-5.297892700868827,-8.481293116623243,-5.201723868258514,5.884479272220964
46.50,-5.7389648489959475,-8.189278506803205,-4.588269244610078,6.3743872525736744
46.60,-6.122695157401458,-7.906491257791457,-3.928970151349661,6.800604462590948
46.70,-6.445249519688149,-7.645832762293437,-3.230414087081817,7.1588722807989695
46.80,-6.703405079290345,-7.420536391861737,-2.499580793088776,7.4456110135858005
46.90,-6.8945824311913855,-7.2432543169149515,-1.7437725140627482,7.657955662316658
47.00,-7.016871394485905,-7.124851986760527,-0.9705410364907626,7.793784549453233
47.10,-7.069050098276023,-7.0730849498690285,-0.18761223370037364,7.8517405176543145
47.20,-7.050597190201452,-7.091479342247526,0.5971911285127903,7.831244490043336
47.30,-6.961697045619954,-7.178772474804199,1.3760275543749958,7.732501256153099
47.40,-6.803237925389707,-7.32911684519623,2.141115167768121,7.556497425736462
47.50,-6.576803100660431,-7.532971589959923,2.8848094661634827,7.304991570887817
47.60,-6.284655033351418,-7.778374580320151,3.5996797019641638,6.980496654972028
47.70,-5.9297127703799095,-8.052236115564012,4.278583128078727,6.5862549239251695
47.80,-5.5155227775092035,-8.341403268681905,4.9147363658890715,6.12620551080487
47.90,-5.046223504235055,-8.633401898748007,5.5017831825273,5.604945077274912
48.00,-4.526504033766305,-8.916880689585197,6.033858000253438,5.027681885281335
48.10,-3.9615572312554623,-9.181833384650778,6.505644503369318,4.400183757820697
48.20,-3.3570278584066293,-9.419679610150325,6.912428757087689,3.728720448759283
48.30,-2.7189561728824705,-9.623267497578164,7.250146307610395,3.020000997524974
48.40,-2.053717576046286,-9.786840354161223,7.515422792807193,2.281106694603
48.50,-1.3679589120590194,-9.905992550719908,7.705607657726742,1.5194203276221745
48.60,-0.6685320548095551,-9.977628219757044,7.818800638065526,0.7425524149813315
48.70,0.03757455374424994,-9.999929407396381,7.853870746980624,-0.04173483593481065
48.80,0.7433057297775386,-9.972336566325863,7.810467575536392,-0.8256050861659947
48.90,1.4416100406630972,-9.895542455603904,7.689024793874721,-1.6012261632849656
49.00,2.1255102605552723,-9.77149968696076,7.490755818126327,-2.3608483178753907
49.10,2.788173084524258,-9.603441614896948,7.21764168635788,-3.096881656466302
49.20,3.4229774046801618,-9.395915372492937,6.872411264694479,-3.801971977238774
49.30,4.023580466094396,-9.15482387776322,6.458513981391381,-4.46907425077952
49.40,4.583981241510286,-8.887469604869645,5.9800853612871006,-5.0915230116860135
49.50,5.098580391623744,-8.602585540995792,5.441905705006241,-5.663098957693483
49.60,5.562236211830698,-8.310326607528689,4.84935232577582,-6.178091090887308
49.70,5.970316006439878,-8.02217718473282,4.208345821089004,-6.631353780106382
49.80,6.318742377036794,-7.750709307711095,3.5252909160520436,-7.018358174388752
49.90,6.604033962500889,-7.509110161805778,2.8070124694881358,-7.335237453753396
50.00,6.823340223615063,-7.310405473897925,2.0606872822040594,-7.578825465187263
50.10,6.9744699247112765,-7.166363741068261,1.2937723887688517,-7.746688357799598
50.20,7.055913027773012,-7.086190185459539,0.5139305492893574,-7.837148901055512
50.30,7.066855780235988,-7.075277336002117,-0.27104631435578314,-7.849303243109074
50.40,7.007188845734787,-7.134374848591149,-1.05331497282388,-7.783029941792176
50.50,6.8775083965556805,-7.259468179922418,-1.825059256263159,-7.638991178024534
50.60,6.679110156880208,-7.442411404394388,-2.5785681508982377,-7.41862613952083
50.70,6.413976456337466,-7.6720861581155795,-3.3063128449308463,-7.124136640902797
50.80,6.084756423221731,-7.935725503699198,-4.001021953938625,-6.758465123895339
50.90,5.694739515278221,-8.220093786151638,-4.655754174144667,-6.325265257421463
51.00,5.247822652528657,-8.512364971475735,-5.26396763763037,-5.828865431350137
51.10,4.748471280534561,-8.800682956335745,-5.819585276517227,-5.274225508655503
51.20,4.201674753141281,-9.074465784210945,-6.317055543020253,-4.6668872681055396
51.30,3.6128964805036268,-9.324536397117258,-6.751407878678355,-4.012919032640493
51.40,2.988019340497574,-9.543151493129114,-7.118302378531434,-3.3188550366959713
51.50,2.3332868989491446,-9.723979239343956,-7.414073154016151,-2.5916301382923996
51.60,1.655241025988519,-9.862057449938348,-7.6357649613126855,-1.8385105282260348
51.70,0.9606565318461536,-9.95374999825801,-7.781162729164096,-1.0670211286924163
51.80,0.256473475188411,-9.99671052679454,-7.848813691136126,-0.2848704067511936
51.90,-0.4502721796545549,-9.98985760480244,-7.838041901179184,0.5001266461286501
52.00,-1.1525188637186061,-9.933362988876063,-7.748954987457839,1.2801265988802655
52.10,-1.8432499602684658,-9.828653498011327,-7.582443076965779,2.047335949809463
52.20,-2.515563912512751,-9.678426432125397,-7.340169901671118,2.7940889966874516
52.30,-3.1627431816780827,-9.486677793977657,-7.024556175056539,3.5129244299135647
52.40,-3.778321366435984,-9.258741148338327,-6.638755405150344,4.196659883454409
52.50,-4.356147813047448,-9.001331914271463,-6.186622385716659,4.838463698671097
52.60,-4.890449070661962,-8.722586077950826,-5.672674680430361,5.431923183994117
52.70,-5.375886577729956,-8.432072313695068,-5.102047484874144,5.971108688417747
52.80,-5.80761000314511,-8.140741124207848,-4.480442317361735,6.450632848612816
52.90,-6.181305709149469,-7.860754399549459,-3.8140700512515675,6.865704417680268
53.00,-6.493239851776012,-7.605119080416022,-3.10958885795323,7.2121761377064
53.10,-6.740295688183336,-7.387043660075195,-2.374037680679637,7.486586177793035
53.20,-6.920004718119857,-7.218970473772483,-1.6147659036532152,7.686192723527527
53.30,-7.03057134836236,-7.111333666450075,-0.8393599194881307,7.809001372286047
53.40,-7.070890833689929,-7.071244785611635,-0.0555673284630215,7.853785060645342
53.50,-7.040560315133022,-7.10144425092347,0.7287804729399735,7.820096324794847
53.60,-6.93988284520712,-7.1998629219451065,1.5058465407601478,7.708271771447163
53.70,-6.769864359912179,-7.359954928421156,2.2678666877117326,7.519428714575057
53.80,-6.532203627752627,-7.571678530258361,3.007227060376759,7.255454011579582
53.90,-6.229275276204007,-7.8227955062927155,3.7165402143116038,6.918985210434631
54.00,-5.864106065220193,-8.100139508418836,4.388718926949903,6.513384196179446
54.10,-5.4403446448484445,-8.390628709773114,5.017047010787719,6.0427036000745975
54.20,-4.962225099124214,-8.681953816141945,5.595246419308992,5.511646307050044
54.30,-4.434524640503068,-8.962978925154914,6.117539975151091,4.925518466033486
54.40,-3.86251587753297,-9.223934686228308,6.57870909375134,4.290176472664255
54.50,-3.251914132692559,-9.456482140499944,6.974145925718925,3.611968454123957
54.60,-2.6088203367781784,-9.653706876138957,7.299899396942863,2.8976708407480825
54.70,-1.939660070420059,-9.810082507870057,7.552714686418469,2.1544206581740837
54.80,-1.2511193618046765,-9.921426326013687,7.730065747342924,1.3896442165403953
54.90,-0.5500778820912173,-9.98485925407234,7.830180546539937,0.6109829092503397
55.00,0.15645979398852466,-9.99877594172732,7.852058770029487,-0.17378313730484726
55.10,0.861434175525465,-9.96282746820584,7.795481817834442,-0.9568128001971519
55.20,1.5578013915328346,-9.877917534811594,7.661014988159282,-1.7302823058701478
55.30,2.2386035709766845,-9.746212292578612,7.4500018291173,-2.4864634026981753
55.40,2.897038363523292,-9.571163394294045,7.164550714441962,-3.2178005791219673
55.50,3.5265269063751368,-9.357542838727067,6.807513777313513,-3.916986555822625
55.60,4.1207795580932896,-9.111485928958047,6.382458412787021,-4.577035297641112
55.70,4.673858742615594,-8.840534172439796,5.893631633560212,-5.1913518157322835
55.80,5.180238275553973,-8.553661871297322,5.345917635226469,-5.753798062513415
55.90,5.634858580002125,-8.261257094618012,4.744788995006967,-6.258754261006679
56.00,6.0331772401554975,-7.9750092406761315,4.096251991568069,-6.701175055793059
56.10,6.3712143876284815,-7.707634346988435,3.4067865922703073,-7.076639924535921
56.20,6.645592466983751,-7.4723557706234,2.683281707476503,-7.381397346378968
56.30,6.853569983149724,-7.282072403242712,1.9329663588366002,-7.612402285902556
56.40,6.993068893533094,-7.148215682972907,1.163337449292928,-7.767346618111047
56.50,7.062695371133522,-7.079430350993583,0.3820848565041547,-7.844682190454797
56.60,7.061753731202276,-7.080369640057695,-0.40298540187034687,-7.843636291458693
56.70,6.990253382294286,-7.150969000864379,-1.1840291633186228,-7.764219371399773
56.80,6.848908732260966,-7.2864565583800385,-1.9532424967550241,-7.607224937891523
56.90,6.639132050123121,-7.478096390193695,-2.7029396768199763,-7.374221627418097
57.00,6.36301935514572,-7.714401122967416,-3.425629977107209,-7.067537532037092
57.10,6.023329474106255,-7.982449626922983,-4.114092515025906,-6.690236937853271
57.20,5.623456476009526,-8.269022751354996,-4.761448400472639,-6.246089707684724
57.30,5.167395759672077,-8.56142634512048,-5.361229467427431,-5.739533613839741
57.40,4.659704133017923,-8.848003017220082,-5.907442901730532,-5.175629997362838
57.50,4.105454282960051,-9.11840145697287,-6.394631119300538,-4.5600131967881
57.60,3.5101840907895996,-9.363685580409436,-6.817926296510507,-3.8988342516910124
57.70,2.8798412994965705,-9.576351815264198,-7.173099007872536,-3.198699443534282
57.80,2.2207240858879396,-9.750301766322783,-7.4566004850591865,-2.4666042878872148
57.90,1.539418131286901,-9.880799148705794,-7.665598075023537,-1.7098636375465521
58.00,0.8427308195820226,-9.964426966249821,-7.798003542932084,-0.9360385949452961
58.10,0.1376232200976525,-9.999052947619086,-7.85249393711691,-0.15286096411656844
58.20,-0.568859465109745,-9.983806834517335,-7.828524807571454,0.6318440029364951
58.30,-1.2696582945817048,-9.919070914909314,-7.7263356459149914,1.4102357935720762
58.40,-1.957771118067436,-9.806484194106519,-7.546947492471547,2.17453697432026
58.50,-2.626322539694528,-9.64896004331516,-7.292152734372491,2.917110900427391
58.60,-3.2686326146517994,-9.450716418898335,-6.9644971966167954,3.6305380186861123
58.70,-3.878283592989761,-9.217316115461509,-6.567254705029199,4.307690001158433
58.80,-4.449184043656679,-8.955711102177805,-6.104394375274732,4.941800969072176
58.90,-4.975629718064088,-8.674278581456644,-5.580540954767021,5.526535095245164
59.00,-5.452360545053112,-8.382825566999957,-5.000928613720859,6.05604990957608
59.10,-5.874613187786737,-8.092522467925694,-4.3713486470536145,6.525054675074456
59.20,-6.238168637436937,-7.8157054736535585,-3.698091609680757,6.928863251155797
59.30,-6.539394368126257,-7.565469007148109,-2.987884463370529,7.263440916009264
59.40,-6.77528063192564,-7.354969228939935,-2.2478233631655926,7.5254446802043145
59.50,-6.943470531260833,-7.196403058578112,-1.4853027549475202,7.712256688736041
59.60,-7.042283568253869,-7.099735357342663,-0.7079414925778259,7.822010377767033
59.70,-7.070732435702361,-7.07140317212267,0.07649328717136177,7.853609124716241
59.80,-7.028532881926708,-7.113348404772189,0.8601637712804521,7.806737205349305
59.90,-6.916106550918919,-7.222705184093867,1.635239783319248,7.681862948390742
60.00,-6.734576769415219,-7.392257824024597,2.393977019981523,7.4802340561381415
60.10,-6.485757322986626,-7.611501293918654,3.1287944296037336,7.20386513783324
60.20,-6.172134333293082,-7.867957662048314,3.8323499595272756,6.855517580352323
60.30,-5.7968414175776255,-8.148412703064114,4.497613915461691,6.438671957341347
60.40,-5.363628378598742,-8.43987503558496,5.117939199866308,5.957493252474593
60.50,-4.876823737840716,-8.730211350822689,5.687127727551634,5.416789244314557
60.60,-4.341291486357785,-9.008506437277903,6.199492354897749,4.8219624685777935
60.70,-3.762382485383337,-9.265229518672525,6.6499137039134375,4.178956237783874
60.80,-3.145881002293237,-9.492282798116083,7.033891313368839,3.49419525764129
60.90,-2.497946916118224,-9.682988237329191,7.347588605916395,2.774521433511741
61.00,-1.825054170068827,-9.83204847813081,7.587871221903512,2.027125508353392
61.10,-1.133926086034802,-9.935502585748232,7.7523383368581165,1.259475215194179
61.20,-0.43146818737524645,-9.990687423960532,7.839346649733184,0.4792406620118998
61.30,0.2753007987881422,-9.996209755211552,7.848026802227588,-0.3057823054493016
61.40,0.9793190703723846,-9.951931177334627,7.7782920651268865,-1.087749997192645
61.50,1.673552309525311,-9.858966612545277,7.630839204872947,-1.8588492505263832
61.60,2.3510639672043037,-9.719696405861326,7.407141521703991,-2.6113754966027303
61.70,3.005084570881412,-9.537791501277981,7.109434128925623,-3.337809741922995
61.80,3.6290793628751628,-9.318249995463397,6.740691620397502,-4.030893695635173
61.90,4.216813593489208,-9.067440825159249,6.304598349374773,-4.683702291976868
62.00,4.76241481657036,-8.793145348219323,5.805511615668228,-5.289712883243265
62.10,5.260431565049378,-8.504578752027179,5.24841812894492,-5.8428704119268975
62.20,5.7058878201979075,-8.212359233698752,4.638884183173566,-6.337647910850728
62.30,6.094332730362766,-7.9283736397592355,3.9830000400551806,-6.7691017267972065
62.40,6.421885082404403,-7.665467499663135,3.287319077141328,-7.1329209158570634
62.50,6.685272081495629,-7.43687684423879,2.5587923086518938,-7.425470316955849
62.60,6.881862051805692,-7.255341115338186,1.8046989332386905,-7.643826873181758
62.70,7.009690731335257,-7.131916702474348,1.0325736026387196,-7.785808838004063
62.80,7.0674808981730095,-7.074652906960146,0.25013113792463526,-7.849997574563257
62.90,7.054655132074795,-7.087442484245693,-0.5348105544372308,-7.835751730221615
63.00,6.971341583855832,-7.169406985323295,-1.314408596524025,-7.743213644746749
63.10,6.818372694950128,-7.31503887841743,-2.0808735024000664,-7.5733079280997
63.20,6.597276879930836,-7.5150474229727955,-2.826547008085455,-7.3277322220378425
63.30,6.31026325509707,-7.757614172628833,-3.543978590398271,-7.00894023783961
63.40,5.960199565714077,-8.029696204518682,-4.225999910119396,-6.620117239632493
63.50,5.550583532450502,-8.318114116149724,-4.86579643566845,-6.165148218286782
63.60,5.085507903309657,-8.610319933973129,-5.456975531650762,-5.648579073871
63.70,4.569619560244353,-8.89486239773456,-5.993630331957103,-5.075571194521093
63.80,4.008073089048485,-9.16162377053573,-6.4703987592173045,-4.451849885556302
63.90,3.4064792764396574,-9.401909324131303,-6.882517100904869,-3.783647164120952
64.00,2.770849048932983,-9.608454378724353,-7.225867606777869,-3.0776394909291716
64.10,2.107533413650339,-9.77539272409796,-7.49701963207819,-2.3408810612764372
64.20,1.4231600011564267,-9.898212748325246,-7.693263915400001,-1.5807333218518322
64.30,0.7245668443651117,-9.973715600920592,-7.812639648734089,-0.8047914175962507
64.40,0.01873405517485641,-9.999982451743438,-7.853954069213348,-0.020808303524721745
64.50,-0.6872859185020507,-9.976353946519179,-7.816794376805082,0.7633827202373156
64.60,-1.3864387584678055,-9.9034230228249,-7.701531858872475,1.5399462761995202
64.70,-2.0717387606546738,-9.78304137309053,-7.509318180393984,2.301123198008502
64.80,-2.7363386339708664,-9.61833929949648,-7.242073876907572,3.0393080574731832
64.90,-3.3735979161697207,-9.413757862831151,-6.902469165154454,3.7471251554892673
65.00,-3.977149323153417,-9.175090368020378,-6.493897263156073,4.417502217586603
65.10,-4.540962368770946,-8.909526405225261,-6.020440486301283,5.0437410577579085
65.20,-5.059403619442311,-8.625684611413407,-5.486829458200412,5.619584504519232
65.30,-5.527292981564698,-8.333608599877104,-4.898395843857891,6.139278920499071
65.40,-5.939955459295441,-8.044683284106734,-4.261019077437935,6.597631690881088
65.50,-6.2932678655651335,-7.771407824342078,-3.5810676169018665,6.990063106294912
65.60,-6.583700019599882,-7.526944536259086,-2.865335312481291,7.312652121758304
65.70,-6.808350019320681,-7.324368233125372,-2.1209735247723325,7.562175534462508
65.80,-6.964973236189733,-7.175593900100584,-1.3554196707044845,7.736140188949256
65.90,-7.052004742796838,-7.090079626320913,-0.5763229113291337,7.832807887895988
66.00,-7.068574949096768,-7.0735597960999534,0.20853227606919109,7.851212759608918
66.10,-7.014518291065557,-7.127168662541019,0.9913038778966387,7.7911709086937355
66.20,-6.8903748849614965,-7.247256994525022,1.7641706990576398,7.653282253477586
66.30,-6.697385130662024,-7.4259701326888745,2.51941050975096,7.438924531823461
66.40,-6.437477317998168,-7.652377786038737,3.249477203437241,7.150239535228884
66.50,-6.113248359919966,-7.913797728646838,3.9470761950411344,6.790111708753257
66.60,-5.727937845000691,-8.19699506183875,4.6052373060341045,6.362139330596292
66.70,-5.285395668538692,-8.489086678023286,5.217384408154247,5.870598559291671
66.80,-4.790043565676184,-8.778125234862179,5.777401129906107,5.320400707744495
66.90,-4.246830930883333,-9.053420737185066,6.279691969322858,4.717043171016193
67.00,-3.661185365244764,-9.305682227613275,6.719238202372324,4.066554498170267
67.10,-3.0389584456636523,-9.527052616918287,7.091648028388543,3.375434157002827
67.20,-2.3863672578395767,-9.71108908983494,7.393200451492282,2.6505875935088055
67.30,-1.7099322772033096,-9.85272204050121,7.620882459551869,1.8992572349482164
67.40,-1.0164122184816906,-9.948211206147622,7.772419129204437,1.1289501259069992
67.50,-0.3127365048542136,-9.995108597635724,7.846296356138181,0.34736292038901667
67.60,0.3940639685528222,-9.992232662858106,7.841775983522144,-0.43769502060657717
67.70,1.0969270850463082,-9.939655475422265,7.758903177425269,-1.2183796576390082
67.80,1.7888300687018988,-9.838703521567664,7.5985059755319675,-1.9868906478750807
67.90,2.4628596536196263,-9.691972055602132,7.362187013663293,-2.735549283536315
68.00,3.1122811589915518,-9.503352355215826,7.0523075127695725,-3.4568752150088278
68.10,3.730605779806208,-9.278069870165696,6.671963686391193,-4.143661192023997
68.20,4.311655420843362,-9.022728386242825,6.224955804316371,-4.789045076120751
68.30,4.849624426159245,-8.745349788613352,5.715750221541639,-5.386578404864742
68.40,5.3391375872816536,-8.45538939517727,5.149434751929094,-5.93029082275342
68.50,5.775303850516188,-8.163691899760357,4.531667832452099,-6.414749735034671
68.60,6.153765186738009,-7.882333031945004,3.868621985963473,-6.835114588397807
68.70,6.470740135378272,-7.624271906248149,3.1669221473875133,-7.187185236182169
68.80,6.723061587528153,-7.402732123365227,2.4335794695601414,-7.467443904854182
68.90,6.9082084306441525,-7.230259765649991,1.675921270107348,-7.673090342437671
69.00,7.0243307386712655,-7.117497992536282,0.9015178193095617,-7.802069797705979
69.10,7.070268255892618,-7.07186727743933,0.11810670046340582,-7.853093550577004
69.20,7.0455619898210555,-7.096481962746665,-0.6664845014928956,-7.825651788578268
69.30,6.950458797300362,-7.1896538516836825,-1.4444164106207662,-7.720018700724624
69.40,6.785908917993267,-7.345164406376446,-2.207916188434301,-7.537249737912247
69.50,6.55355647990085,-7.553204450082732,-2.9493551975330603,-7.2791710672021726
69.60,6.255723071779025,-7.801661928666968,-3.6613252244252807,-6.948361325362668
69.70,5.895384546591108,-8.07740311287079,-4.336712499948258,-6.5481258539830325
69.80,5.476141287768699,-8.367309997627373,-4.968768777698318,-6.082463673593033
69.90,5.002182235370551,-8.658993757021845,-5.5511787602782094,-5.5560275267716746
70.00,4.478243031578196,-8.941215764655349,-6.07812319966114,-4.974077389481341
70.10,3.90955870372465,-9.204094238007933,-6.54433704119347,-4.342427915126697
70.20,3.301811357631782,-9.439175904633506,-6.945162030280413,-3.6673903364599383
70.30,2.661073403887185,-9.639434025871243,-7.27659325612614,-2.955709405829345
70.40,1.9937468843248676,-9.799233304766496,-7.535319167478599,-2.2144960038433386
70.50,1.306499504939476,-9.914285604298119,-7.718754660554972,-1.4511560898019875
70.60,0.6061980143720488,-9.98160928745317,-7.825066908544151,-0.6733167037997638
70.70,-0.10016040637256131,-9.999498382068737,-7.853193674606385,0.11125024013791528
70.80,-0.8055180574453253,-9.967504234216785,-7.802853925392656,0.8947056084505767
70.90,-1.5028272383569652,-9.886430614314369,-7.674550639036995,1.669221374073954
71.00,-2.185120666271582,-9.758342465492428,-7.469565779565242,2.4270588314988126
71.10,-2.845581090793675,-9.586587936055116,-7.189947487934253,3.1606459193583225
71.20,-3.477609409680611,-9.375832378711817,-6.838489617684485,3.862652877962243
71.30,-4.074890604890857,-9.132100884143375,-6.418703819678948,4.526065485832853
71.40,-4.631456840156788,-8.862821646505411,-5.934784454848576,5.144255143487362
71.50,-5.141747089631962,-8.57685471873351,-5.391566685524281,5.711045104212819
71.60,-5.600662701823156,-8.28447809463016,-4.794478164093228,6.220772190077509
71.70,-6.003618343630687,-7.997284963287298,-4.149484801690331,6.668343376532842
71.80,-6.346587815481043,-7.727924889670419,-3.463031158786263,7.049286680231125
71.90,-6.626144279782128,-7.489606931175399,-2.7419760532695117,7.359795841604918
72.00,-6.839494500751728,-7.295294029316904,-1.993524029405272,7.596768355754456
72.10,-6.98450675350612,-7.1565819641940385,-1.2251533724106491,7.757836471651056
72.20,-7.059732123550463,-7.082385356905516,-0.4445413879007617,7.841390849922719
72.30,-7.0644189838534714,-7.077710393945961,0.3405123072111837,7.846596642841162
72.40,-6.998520504856271,-7.142878323414611,1.1221637159078792,7.77340183584435
72.50,-6.8626951223778585,-7.2734734245263555,1.8926028356932314,7.622537767248807
72.60,-6.658299958742057,-7.46103489198486,2.64413169355566,7.39551182095891
72.70,-6.387377262859857,-7.694245362730572,3.369241261569815,7.0945923651851865
72.80,-6.052634004753377,-7.960252609339927,4.060686484621456,6.72278608765898
72.90,-5.657414828406204,-8.245826669250912,4.711558670603257,6.2838079538025156
73.00,-5.205668633186312,-8.538209067565642,5.315354519782624,5.7820440880224115
73.10,-4.701909117748896,-8.82564732177928,5.8660411036229325,5.222507949004457
73.20,-4.151169680651452,-9.097680489137883,6.358116143811232,4.610790236891662
73.30,-3.5589531282992017,-9.345258296621305,6.786662989204347,3.9530030328564663
73.40,-2.9311766927224836,-9.560763734976431,7.147399741381857,3.2557187292060474
73.50,-2.2741129085502796,-9.737988009808031,7.436722037959727,2.5259043602109337
73.60,-1.5943269399176276,-9.872088006528958,7.651739066187785,1.7708519898015664
73.70,-0.8986109835157388,-9.959543076883843,7.790302446995157,0.998105851675946
73.80,-0.19391640320786013,-9.998119644641532,7.851027700883778,0.21538696981031
73.90,0.5127157257006306,-9.986847479791573,7.833308081189895,-0.5694839874602042
74.00,1.214224968559207,-9.926009154021942,7.737320636496161,-1.3486648489743949
74.10,1.9036020769013529,-9.817143124800456,7.564024441620726,-2.1143702971269627
74.20,2.5739590225382885,-9.663060330469522,7.315151014858677,-2.8589496561885364
74.30,3.218597820459755,-9.467873471383726,6.9931870172236055,-3.5749633353285875
74.40,3.8310774528861797,-9.237036621665366,6.601349406552731,-4.255257162547805
74.50,4.405278225789205,-8.977389584583456,6.1435532947275835,-4.893033866799854
74.60,4.935462914851526,-8.69719528446529,5.6243728291702455,-5.4819209940768
74.70,5.41633408991579,-8.406148049280127,5.0489954894743185,-6.0160345788630964
74.80,5.843087045155632,-8.115314767939346,4.4231702558235835,-6.490037934774034
74.90,6.211457806108068,-7.836950422386194,3.7531501670823597,-6.899194976962033
75.00,6.517765733896846,-7.584110352443463,3.045629842498153,-7.239417543510885
75.10,6.758950300959439,-7.369979025014949,2.307678591279083,-7.507306242998261
75.20,6.932601670826778,-7.206874084764474,1.5466697783930785,-7.7001844200911185
75.30,7.036984776412658,-7.104987350906157,0.7702071523424272,-7.8161248998009905
75.40,7.071056656230534,-7.0710789674828165,-0.013951128977793657,-7.853969243179447
75.50,7.034476875319931,-7.107470372121796,-0.7979700152288985,-7.813339322057124
75.60,6.92761092676004,-7.2116715709629275,-1.5740158488616547,-7.694641097175411
75.70,6.751526579783684,-7.3767803845901785,-2.334334636433051,-7.499060561960909
75.80,6.507983210980105,-7.592506471884043,-3.0713295239456513,-7.228551892471152
75.90,6.199414225185654,-7.8464809478240465,-3.7776367021015504,-6.885817921913402
76.00,5.8289027417070445,-8.125508773468901,-4.446198983050727,-6.474283134828687
76.10,5.400150788812378,-8.416553419190604,-5.070336313479247,-5.998059450774239
76.20,4.917442314288428,-8.707396917888014,-5.6438125194938396,-5.461905139382511
76.30,4.385600381650428,-8.98701893246407,-6.160897616410038,-4.871177277303876
76.40,3.809938979685728,-9.245775520261741,-6.616425060865064,-4.231778222067553
76.50,3.196209926834398,-9.4754547175112,-7.0058433732112775,-3.5500966376762366
76.60,2.5505454009206754,-9.669266681493607,-7.325261614396295,-2.8329436611871897
76.70,1.8793966684591739,-9.82180574856704,-7.571488262939828,-2.0874848480822346
76.80,1.1894696257323722,-9.929006093736678,-7.74206310356134,-1.3211685764059935
76.90,0.4876577956916368,-9.988102416089914,-7.835281808837886,-0.5416516250345729
77.00,-0.21902654984541337,-9.99760108078247,-7.850212968280349,0.24327733032796997
77.10,-0.9235224544969599,-9.957263995497955,-7.786707394679168,1.0257755390226697
77.20,-1.61879082805911,-9.868106011539991,-7.645399614733612,1.7980245376077681
77.30,-2.2978847787684,-9.732405948351337,-7.427701529070755,2.5523082693609833
77.40,-2.954019024347957,-9.553730768856235,-7.13578830500112,3.2810901805676904
77.50,-3.580637688305098,-9.336971336846286,-6.77257664296593,3.9770885232743836
77.60,-4.171479804082155,-9.08838578869398,-6.341695633830426,4.633349112107203
77.70,-4.720641872564721,-8.81564179801951,-5.8474504982075635,5.243314808193439
77.80,-5.222636847893364,-8.527840544652936,-5.294779570116766,5.800891035925654
77.90,-5.672448962212077,-8.235491653271172,-4.689204954782796,6.300506677946541
78.00,-6.065583841562705,-7.9503894659930605,-4.036777353585717,6.737169739912004
78.10,-6.39811341218389,-7.685320082132729,-3.3440156074527962,7.106517228848502
78.20,-6.666715148525647,-7.453516561222539,-2.617841562754807,7.404858746736628
78.30,-6.868705270826381,-7.26779800919934,-1.8655109105051448,7.629213363748241
78.40,-7.002065560553118,-7.1394031883425635,-1.0945406898936383,7.777339402711935
78.50,-7.065463525773961,-7.076667659708049,-0.31263418051576436,7.847756837210346
78.60,-7.058265714977003,-7.08384677253681,0.4723960662507024,7.839762079514872
78.70,-6.980544046308449,-7.160447249826484,1.252706287676571,7.7534350106016925
78.80,-6.833075088990266,-7.301307063000478,2.0204998819656215,7.5896381820074525
78.90,-6.617332304097222,-7.497393758977272,2.7681053093225363,7.350008197499434
79.00,-6.335471322220884,-7.737040979942964,3.4880527434426645,7.036939360671696
79.10,-5.990308405121306,-8.007259531920583,4.17314870754726,6.653559751855026
79.20,-5.585292306570457,-8.294848392235078,4.816547949225608,6.2036999733722675
79.30,-5.124469813544534,-8.587188662773798,5.411821835934371,5.691854875426149
79.40,-4.612445312066188,-8.872730596789168,5.953022587768942,5.123138645041852
79.50,-4.054334781701392,-9.141245510207366,6.434742705714172,4.503233706800785
79.60,-3.4557146783827375,-9.383924342278666,6.852169001587057,3.838333945932522
79.70,-2.8225662163050855,-9.593389388249243,7.20113068982202,3.1350828210610198
79.80,-2.16121560561046,-9.7636646350674,7.478141060581618,2.400506984962078
79.90,-1.478270842987474,-9.8901322192766,7.680432317808673,1.6419460765715084
80.00,-0.7805556867527323,-9.969490098288777,7.805983234129576,0.8669793857390501
80.10,-0.0750414761133638,-9.99971843487919,7.85353934629006,0.08335012346957064
80.20,0.6312225241499153,-9.980058022126215,7.822625489337379,-0.7011119456817289
80.30,1.3311795576063143,-9.91100201722364,7.713550544311442,-1.4785687360285737
80.40,2.017835884952571,-9.794301319716363,7.527404352007566,-2.241252156314866
80.50,2.6843306631442467,-9.632983384751764,7.2660468236475,-2.9815417259147265
80.60,3.3240044966715327,-9.43138346723891,6.9320893572613045,-3.69204071615591
80.70,3.930465976037883,-9.1951855452301,6.528868745461448,-4.365650055987669
80.80,4.497655538610981,-8.931466545646463,6.060413835314022,-4.99563926355205
80.90,5.019906013769539,-8.64873075155658,5.531405273430614,-5.575713694933815
81.00,5.4919992473988275,-8.356909971189753,4.947128738494579,-6.100077438161709
81.10,5.9092182399617,-8.067288255200998,4.313422128506854,-6.563491224045012
81.20,6.267394277198732,-7.792289071520421,3.6366172304388815,-6.961324775219407
81.30,6.562948582543106,-7.545045122654698,2.9234764551102,-7.289603070347849
81.40,6.792928075073086,-7.338673460979433,2.181125269414895,-7.545046061219791
81.50,6.955034875720427,-7.185227197348219,1.4169810010117552,-7.7251014459086695
81.60,7.0476492669184445,-7.094409052944714,0.6386787268381527,-7.827970170529068
81.70,7.069845876284535,-7.072289536322913,-0.14600501405489782,-7.85262440478846
81.80,7.0214029226351355,-7.120386295560851,-0.929229921110353,-7.798817811727732
81.90,6.902804431950001,-7.23541919823941,-1.7031702699566482,-7.667088009038652
82.00,6.715235401144607,-7.409832218560298,-2.460093104458778,-7.458751197365606
82.10,6.460569957972683,-7.632891707481566,-3.1924355018598214,-7.175889009263836
82.20,6.1413526353612,-7.892007843897651,-3.8928801390051597,-6.821327710215047
82.30,5.760772947278471,-8.173952229485105,-4.554428404616651,-6.398609959516951
82.40,5.322633520164903,-8.465788351359663,-5.170470327103087,-5.911959413202613
82.50,4.831312098346573,-8.755479621835118,-5.734850619211372,-5.366238522665521
82.60,4.2917178030610215,-9.03222886661366,-6.24193017962208,-4.766899950652579
82.70,3.7092420821405785,-9.286631422430709,-6.686642436985805,-4.119932090060347
82.80,3.0897048404478094,-9.510716271601913,-7.064543973429298,-3.431799229892722
82.90,2.4392962893099215,-9.697929346667713,-7.371858921718054,-2.7093769662220155
83.00,1.764515095973401,-9.843093338787456,-7.60551669247359,-1.9598835035057738
83.10,1.0721034510690597,-9.942363611848332,-7.763182654487506,-1.190807532673857
83.20,0.36897970287192117,-9.99319038039747,-7.843281461584798,-0.4098334066041005
83.30,-0.33783076854783956,-9.994291889464824,-7.845012792962094,0.3752356393915311
83.40,-1.0412657466002757,-9.945640534674324,-7.768359349728575,1.1565554549147743
83.50,-1.7342967415093766,-9.848462560846235,-7.61408702775077,1.926319350638915
83.60,-2.409999216659601,-9.705251350464867,-7.383737265074233,2.676836100167992
83.70,-3.0616217762767906,-9.51979370044476,-7.079611640384117,3.4006067882285658
83.80,-3.6826536231430316,-9.297207230773738,-6.704748876391761,4.090399737352316
83.90,-4.266889612330273,-9.043984356255157,-6.262894477921823,4.739322764406833
84.00,-4.808492250957297,-8.76803297624294,-5.758463308066165,5.3408920450112225
84.10,-5.302050024488974,-8.478694801549143,-5.1964954763312114,5.889096897766052
84.20,-5.742631466800684,-8.18670775321256,-4.582605979529789,6.378459840995027
84.30,-6.125834433757711,-7.904059241313184,-3.9229285985890487,6.804091321931287
84.40,-6.447830087984281,-7.643656661342438,-3.2240546118389988,7.1617385715123785
84.50,-6.705401155340974,-7.418732731804801,-2.4929669371382195,7.447828096642952
84.60,-6.895974070864438,-7.24192941238489,-1.7369703608668652,7.659501385356525
84.70,-7.017644692977791,-7.124090325306147,-0.9636185509157953,7.794643468122158
84.80,-7.06919732904384,-7.072937800026198,-0.18063858293391932,7.8519040499208925
84.90,-7.050116882164048,-7.091956848982197,0.6041462660574555,7.8307110019472255
85.00,-6.9605939978564795,-7.17984200362406,1.3828946852625892,7.73127607813102
85.10,-6.801523159188806,-7.330708200100338,2.1478256778967877,7.554592799362233
85.20,-6.574493749399164,-7.534987189047591,2.891296306334219,7.302426526558593
85.30,-6.281774171304229,-7.780701334759937,3.605878057814253,6.977296821762867
85.40,-5.926289182168095,-8.054756143379972,4.284431067685424,6.582452273511782
85.50,-5.511590670494497,-8.344001934378852,4.9201754585729045,6.121838038013207
85.60,-5.041822166730975,-8.63597297581808,5.506759082672102,5.600056420449422
85.70,-4.521677442482309,-8.91932918476197,6.038320990309786,5.022320890265052
85.80,-3.9563536118962075,-9.184076768931966,6.509549990615844,4.394403989903721
85.90,-3.3514992038166715,-9.421648108840417,6.91573771918682,3.7225796574721093
86.00,-2.713157723550947,-9.624903904306569,7.252825682506642,3.0135605396242737
86.10,-2.047707268162209,-9.788099659480162,7.517445809072287,2.2744309210151887
86.20,-1.3617967986320252,-9.906841549113198,7.706954102050894,1.5125759404702273
86.30,-0.6622797056400848,-9.978045178866314,7.819457057222134,0.7356078011192194
86.40,0.043854667250046116,-9.999903837945663,7.85383058224647,-0.04871028822096059
86.50,0.7495508588014402,-9.971869108149686,7.809731228224234,-0.8325416804627173
86.60,1.4477577859402635,-9.894644884645903,7.68759962132351,-1.608054591434982
86.70,2.1314991958470704,-9.77019504299189,7.488656060189105,-2.3675003524818066
86.80,2.793943370368934,-9.601764444266037,7.214888323121879,-3.103290832598204
86.90,3.428471386288963,-9.393912068643065,6.8690318068550225,-3.8080742565268486
87.00,4.02874324941916,-9.15255307716156,6.454542195374112,-4.4748086612662705
87.10,4.588761241726629,-8.885002547350647,5.975560931865011,-5.096832257037409
87.20,5.102929848549566,-8.600006218647863,5.43687383878255,-5.66792998968498
87.30,5.566111667130144,-8.307731393649995,4.8438632994945285,-6.1823956394441835
87.40,5.973678737844659,-8.019673455760069,4.20245447928629,-6.635088835602359
87.50,6.321558785246294,-7.748412387365259,3.519056123067788,-7.021486417383971
87.60,6.606275906895267,-7.507137846208441,2.8004965213128927,-7.337727627877916
87.70,6.824985303427028,-7.308869653236749,2.0539552840381146,-7.580652689444386
87.80,6.975501702847149,-7.165359446222954,1.2868916045125791,-7.747834375168556
87.90,7.056321195046728,-7.0857837387500275,0.5069697294645625,-7.8376022609095894
88.00,7.066636258375082,-7.075496589768002,-0.2780176195383511,-7.849059415626481
88.10,7.006343828129138,-7.135204703583264,-1.0602271083872445,-7.78209136321653
88.20,6.876046326341888,-7.260853043410273,-1.8318431584336203,-7.637367226322722
88.30,6.677045642580562,-7.444263663176899,-2.5851560371677715,-7.41633304068146
88.40,6.411330125896421,-7.674297753981988,-3.312638891317517,-7.121197306811484
88.50,6.081554717898302,-7.938179401676993,-4.007022952678054,-6.75490892340672
88.60,5.691014425453665,-8.222673215522935,-4.661370165241121,-6.321127722915306
88.70,5.243611398069159,-8.514959747763884,-5.269142507957222,-5.824187903703551
88.80,4.743815938902632,-8.80319318984954,-5.824267320480762,-5.269054724178553
88.90,4.196621838971661,-9.076803685255406,-6.321197979184873,-4.661274891567494
89.00,3.6074964808444347,-9.326626889754678,-6.754969317191223,-4.006921141052522
89.10,2.9823262103604073,-9.544932182839087,-7.121247234676189,-3.3125315590081876
89.20,2.3273575222084384,-9.725400092737562,-7.416372003763647,-2.5850442566036005
89.30,1.6491346470166788,-9.863080396915011,-7.637394835316155,-1.8317280464890555
89.40,0.9544341635633677,-9.954348568712224,-7.7821073422612725,-1.0601098152227844
89.50,0.25019728944172126,-9.99686957584003,-7.8490636050652,-0.2778993171085234
89.60,-0.45653947329179867,-9.98957314950576,-7.837594618882798,0.5070878591209849
89.70,-1.1587146445200731,-9.932642164730124,-7.747814978032858,1.2870083810831172
89.80,-1.8493123220404422,-9.827514636750708,-7.5806217310095505,2.0540695407298775
89.90,-2.5214322821403643,-9.676899257850131,-7.337685417470392,2.800607116510784
90.00,-3.1683589243518417,-9.484803726302408,-7.021433376756196,3.5191619517411477
90.10,-3.7836283715114156,-9.256573682864188,-6.635025494718754,4.2025544840299975
90.20,-4.3610930546841065,-8.998937013246955,-6.182322631185918,4.843956481094242
90.30,-4.8949831376401,-8.720042435803801,-5.667848043526439,5.436959266198526
90.40,-5.379964167151097,-8.42947125033179,-5.096742191757519,5.975637751534747
90.50,-5.811190373083638,-8.138185697548321,-4.474711376767538,6.454609639740861
90.60,-6.184353085732479,-7.858357138167696,-3.8079707248438264,6.869089202036968
90.70,-6.495723786624025,-7.602997598834741,-3.1031820881852465,7.214935095645334
90.80,-6.742191362640439,-7.385313509224687,-2.367387481877141,7.488691742718477
90.90,-6.921293191233511,-7.217735140678455,-1.6079387224043806,7.687623857330759
91.00,-7.031239746135136,-7.110672797448179,-0.8324239707312325,7.809743775551189
91.10,-7.070932477712233,-7.071203143428588,-0.04859191390531982,7.853831315524386
91.20,-7.039974789311559,-7.102024708902221,0.7357256572619836,7.819445969124341
91.30,-6.938675999922362,-7.201025994127602,1.5126921008604945,7.706931303366
91.40,-6.768048253563289,-7.361625013367559,2.274544225016737,7.517411527597215
91.50,-6.529796406273927,-7.573754610007649,3.013669855140973,7.25278026077056
91.60,-6.2263009917567995,-7.825162998944386,3.722683892259451,6.9156816110287
91.70,-5.860594435871517,-8.102680597075995,4.394502102482167,6.509483756649855
91.80,-5.436330757637971,-8.393229884469944,5.022411900326148,6.03824529232382
91.90,-4.957749059486141,-8.68451059433773,5.600139418650723,5.506674677015416
92.00,-4.429631171545885,-8.965398356128356,6.121912195064121,4.920083188598917
92.10,-3.857253873180937,-9.226136383006196,6.582516848459568,4.284331855325215
92.20,-3.24633616915378,-9.45839846257515,6.977351169395993,3.60577289436493
92.30,-2.6029821472205086,-9.655282696081525,7.302470103853475,2.8911862425542063
92.40,-1.933619988103713,-9.81127482754437,7.5546251709089445,2.147711813506992
92.50,-1.2449377372355759,-9.922203889782086,7.731296920483768,1.3827781579583558
92.60,-0.5438164800186851,-9.985202233107755,7.830720106856108,0.6040282401410889
92.70,0.16273841170472336,-9.998675722782284,7.851901326412673,-0.1807569281864768
92.80,0.8676672750125453,-9.962286559815086,7.794628943409228,-0.9637360330379
92.90,1.5639266937211114,-9.876949594721365,7.659475204565015,-1.7370858060159875
93.00,2.2445598738714505,-9.744842275409397,7.447790521362677,-2.4930791918245903
93.10,2.902766153714918,-9.569427812405875,7.161689977183118,-3.2241625544508983
93.20,3.5319689536773877,-9.355490115983185,6.804032194091517,-3.9230311505995803
93.30,4.125881487368428,-9.109176798821641,6.378390770430576,-4.582702116273163
93.40,4.678569577072782,-8.838042018031427,5.889018574607169,-5.196584237240866
93.50,5.184510946092516,-8.551072812802316,5.340805251837021,-5.7585438062724315
93.60,5.638650395510366,-8.258669488314132,4.73922836842602,-6.262965909113232
93.70,6.036450314066295,-7.972532069914108,4.090298681738328,-6.704810526851463
93.80,6.37393601646926,-7.7053838099056415,3.400500082695693,-7.079662894121094
93.90,6.647735457138794,-7.4704493366798,2.676724810882647,-7.383777609978089
94.00,6.85511292256979,-7.2806199474232045,1.9262045895668491,-7.614116060708564
94.10,6.993996365677537,-7.147308223162717,1.156438368710685,-7.768376780652587
94.20,7.062998109007265,-7.079128315842269,0.3751173979420664,-7.845018447688294
94.30,7.061428709948567,-7.080693791876198,-0.4099516218694632,-7.843275283613032
94.40,6.9893038494180635,-7.151897070044411,-1.1909245405872628,-7.763164705546026
94.50,6.847344175180865,-7.28792684833051,-1.9599981349628302,-7.605487151902284
94.60,6.636968101376322,-7.480017006752938,-2.7094880758630953,-7.371818084676547
94.70,6.360277636192804,-7.7166617387666845,-3.4319057075470196,-7.064492247947808
94.80,6.020037379296717,-7.9849326829892755,-4.120032871838338,-6.6865803398882475
94.90,5.61964689886649,-8.271612220846686,-4.76699402957605,-6.241858331362126
95.00,5.1631067642310855,-8.56401357665617,-5.366324958728969,-5.734769737673085
95.10,4.6549785735036755,-8.850490070059493,-5.912037342765462,-5.170381220428062
95.20,4.100339375601159,-9.1207026596033,-6.398678603932771,-4.5543319631293295
95.30,3.5047309420496346,-9.365728002875157,-6.821386383611525,-3.8927773263170047
95.40,2.874104395435176,-9.57807516801472,-7.175937125395789,-3.1923273452412273
95.50,2.2147607477541333,-9.75165805543896,-7.458788275472549,-2.459980684574926
95.60,1.533287942784101,-9.881752278038187,-7.6671136786483975,-1.7030547100698559
95.70,0.8364950315273805,-9.964952386350374,-7.798831816358024,-0.9291123758568107
95.80,0.13134413842413384,-9.999137398661027,-7.852626604509663,-0.1458866579079237
95.90,-0.5751191018936468,-9.983448202832378,-7.827960543362293,0.6387967113030615
96.00,-1.275835942254406,-9.918278209873517,-7.7250800880453845,1.4170974349328258
96.10,-1.9638050516154524,-9.80527764620919,-7.545013186060708,2.1812389894228756
96.20,-2.6321524700484034,-9.647371319401886,-7.2895590063706885,2.9235863249523626
96.30,-3.274200291074561,-9.448788941125061,-6.961269962696865,3.6367221523320805
96.40,-3.883533385099025,-9.21510544957687,-6.5634262106456935,4.313521054106215
96.50,-4.454063497265047,-8.953285339043488,-6.100002873478011,4.947220679368214
96.60,-4.980090079284044,-8.671718561059086,-5.575630323991407,5.531489310935705
96.70,-5.456357247429753,-8.380224674101573,-4.9955479193658325,6.060489129775598
96.80,-5.878106297591057,-8.089985559580459,-4.3655516512385555,6.528934544562138
96.90,-6.241123252670447,-7.813346309039185,-3.691936234071624,6.932145003558244
97.00,-6.541780967250221,-7.563405435154376,-2.9814322104457176,7.2660917611412845
97.10,-6.777075368830524,-7.353315540978138,-2.2411387017034996,7.527438131697613
97.20,-6.944655473528755,-7.195259575163853,-1.4784524758758237,7.713572828682253
97.30,-7.042846876333387,-7.0991765632727475,-0.7009940416206107,7.822636055730887
97.40,-7.0706684812053595,-7.071467119975112,0.08346849338065196,7.853538089130354
97.50,-7.02784230386539,-7.114030682531528,0.8670970387870709,7.805970165977781
97.60,-6.914796249321008,-7.223959636541176,1.642061837206104,7.680407569237443
97.70,-6.732659836381165,-7.394003754907076,2.4006196965412525,7.478104878870493
97.80,-6.48325291187766,-7.613634590695159,3.1351913574079315,7.2010834364867
97.90,-6.169067467357165,-7.8703625445842995,3.8384372225878707,6.852111148767247
98.00,-5.793242739925427,-8.150971632652228,4.503330691858368,6.434674831456126
98.10,-5.359533846027806,-8.442475759709493,5.123228369459034,5.9529453702498065
98.20,-4.872274261567029,-8.732751199941028,5.691936442706212,5.411736046686077
98.30,-4.336332523244421,-9.010894530947118,6.203772568521912,4.816454445425963
98.40,-3.7570635837505164,-9.267387616133023,6.653622649527513,4.173048423455324
98.50,-3.1402553068478847,-9.49414538585826,7.036991932414274,3.487946681063933
98.60,-2.4920706369496277,-9.684502255689422,7.350049918032628,2.767994528397238
98.70,-1.8189860210160025,-9.833172929189661,7.589668634473488,2.020385489380143
98.80,-1.1277266980372245,-9.936208154750688,7.753453890729592,1.252589426403814
98.90,-0.4251995026685442,-9.99095617961216,7.8397691986606395,0.4722779039298744
99.00,0.2815761455785309,-9.99603495763401,7.84775212424183,-0.3127524632458128
99.10,0.9855383780556846,-9.95131720454028,7.777322904719561,-1.0946579111909676
99.20,1.6796534368349818,-9.857929008271892,7.629185245574494,-1.8656258991333003
99.30,2.3569859536930338,-9.718262046996559,7.404819289329007,-2.617953169785426
99.40,3.010768246017758,-9.535998876298757,7.106466826452378,-3.3441227177453214
99.50,3.6344679372559394,-9.316149570131351,6.73710889613146,-4.036878896929511
99.60,4.221853226260435,-9.065095439978244,6.30043600071252,-4.689299916590334
99.70,4.767055153387274,-8.790630532820945,5.800811231421714,-5.294867001561057
99.80,5.264626241200401,-8.501982741717613,5.243226673799806,-5.847529525702517
99.90,5.709594923865523,-8.209782323872483,4.6332535284336025,-6.341765467759436
